Country/City,Gender,Average Income (USD)
IND,F,681.8181762695312
IND,M,606.0605977376302
SL,F,14330.619644165039
SL,M,58208.953125
Singapore,F,29649.333333333332
Singapore,M,22666.6669921875
UK,F,4573.5715738932295
UK,M,88059.703125
